TIME,SEX,AGE,ICD10,Value
2001,Males,9,All causes of death (A00-Y89) excluding S00-T98,277858
2001,Males,73,Certain infectious and parasitic diseases (A00-B99),5347
2001,Males,33,Tuberculosis,545
2001,Males,86,Meningococcal infection,30
2001,Males,3,Viral hepatitis,471
2001,Males,3,Human immunodeficiency virus [HIV] disease,892
2001,Males,92,Neoplasms,91737
2001,Males,38,Malignant neoplasms (C00-C97),88481
2001,Males,50,"Malignant neoplasm of lip, oral cavity, pharynx",3755
2001,Males,65,Malignant neoplasm of oesophagus,3442
2001,Males,40,Malignant neoplasm of stomach,3213
2001,Males,20,Malignant neoplasm of colon,6274
2001,Males,67,"Malignant neoplasm of rectosigmoid junction, rectum, anus and anal canal",2242
2001,Males,47,Malignant neoplasm of liver and intrahepatic bile ducts,5258
2001,Males,2,Malignant neoplasm of pancreas,3788
2001,Males,33,"Malignant neoplasm of larynx,  trachea, bronchus and lung",22457
2001,Males,74,Malignant melanoma of skin,761
2001,Males,28,Malignant neoplasm of breast,177
2001,Males,49,Malignant neoplasm of cervix uteri,:
2001,Males,96,Malignant neoplasm of other parts of uterus,:
2001,Males,81,Malignant neoplasm of ovary,:
2001,Males,100,Malignant neoplasm of prostate,9327
2001,Males,27,"Malignant neoplasm of kidney, except renal pelvis",1937
2001,Males,96,Malignant neoplasm of bladder,3231
2001,Males,10,"Malignant neoplasms, stated or presumed to be primary, of lymphoid, haematopoietic and related tissue",6863
2001,Males,30,Diseases of the blood and blood-forming organs and certain disorders involving the immune mechanism,1000
2001,Males,10,"Endocrine, nutritional and metabolic diseases (E00-E90)",8356
2001,Males,41,Diabetes mellitus,5318
2001,Males,9,Mental and behavioural disorders (F00-F99),7468
2001,Males,61,Mental and behavioural disorders due to use of alcohol,2523
2001,Males,40,"Drug dependence, toxicomania (F11-F16, F18-F19)",127
2001,Males,90,Diseases of the nervous system and the sense organs (G00-H95),9497
2001,Males,79,Meningitis,80
2001,Males,54,Diseases of the circulatory system (I00-I99),75350
2001,Males,45,Ischaemic heart diseases,24913
2001,Males,79,"Other heart diseases (I30-I33, I39-I52)",19513
2001,Males,35,Cerebrovascular diseases,16223
2001,Males,36,Diseases of the respiratory system (J00-J99),17292
2001,Males,88,Influenza,76
2001,Males,48,Pneumonia,4947
2001,Males,75,Chronic lower respiratory diseases,5566
2001,Males,83,Asthma and status asthmaticus,647
2001,Males,18,Diseases of the digestive system (K00-K93),13226
2001,Males,53,"Ulcer of stomach, duodenum and jejunum",486
2001,Males,38,Chronic liver disease,6174
2001,Males,54,Diseases of the skin and subcutaneous tissue (L00-L99),628
2001,Males,81,Diseases of the musculoskeletal system and connective tissue (M00-M99),1387
2001,Males,100,"Rheumatoid arthritis and arthrosis (M05-M06,M15-M19)",164
2001,Males,12,Diseases of the genitourinary system  (N00-N99),3698
2001,Males,64,Diseases of kidney and ureter,2809
2001,Males,58,"Pregnancy, childbirth and the puerperium (O00-O99)",:
2001,Males,72,Certain conditions originating in the perinatal period (P00-P96),1006
2001,Males,54,"Congenital malformations, deformations and chromosomal abnormalities (Q00-Q99)",892
2001,Males,87,Congenital malformations of the nervous system,88
2001,Males,90,Congenital malformations of the circulatory system,329
2001,Males,12,"Symptoms, signs and abnormal clinical and laboratory findings, not elsewhere classified (R00-R99)",15872
2001,Males,53,Sudden infant death syndrome,229
2001,Males,18,Ill-defined and unknown causes of mortality,7726
2001,Males,90,External causes of morbidity and mortality (V01-Y89),25102
2001,Males,53,Accidents,15867
2001,Males,3,Transport accidents (V01-V99),5840
2001,Males,92,Falls,2546
2001,Males,3,Accidental poisoning by and exposure to noxious substances,459
2001,Males,90,Intentional self-harm,7798
2001,Males,18,Assault,324
2001,Males,36,Event of undetermined intent,553
2001,Females,53,All causes of death (A00-Y89) excluding S00-T98,263325
2001,Females,12,Certain infectious and parasitic diseases (A00-B99),5157
2001,Females,52,Tuberculosis,516
2001,Females,84,Meningococcal infection,15
2001,Females,60,Viral hepatitis,439
2001,Females,39,Human immunodeficiency virus [HIV] disease,248
2001,Females,69,Neoplasms,61421
2001,Females,77,Malignant neoplasms (C00-C97),58262
2001,Females,18,"Malignant neoplasm of lip, oral cavity, pharynx",738
2001,Females,15,Malignant neoplasm of oesophagus,699
2001,Females,45,Malignant neoplasm of stomach,2020
2001,Females,14,Malignant neoplasm of colon,5786
2001,Females,55,"Malignant neoplasm of rectosigmoid junction, rectum, anus and anal canal",1780
2001,Females,81,Malignant neoplasm of liver and intrahepatic bile ducts,1705
2001,Females,80,Malignant neoplasm of pancreas,3554
2001,Females,61,"Malignant neoplasm of larynx,  trachea, bronchus and lung",4624
2001,Females,21,Malignant melanoma of skin,631
2001,Females,2,Malignant neoplasm of breast,11088
2001,Females,13,Malignant neoplasm of cervix uteri,793
2001,Females,14,Malignant neoplasm of other parts of uterus,2192
2001,Females,77,Malignant neoplasm of ovary,3260
2001,Females,75,Malignant neoplasm of prostate,:
2001,Females,68,"Malignant neoplasm of kidney, except renal pelvis",1125
2001,Females,22,Malignant neoplasm of bladder,1029
2001,Females,99,"Malignant neoplasms, stated or presumed to be primary, of lymphoid, haematopoietic and related tissue",5976
2001,Females,35,Diseases of the blood and blood-forming organs and certain disorders involving the immune mechanism,1292
2001,Females,61,"Endocrine, nutritional and metabolic diseases (E00-E90)",11668
2001,Females,17,Diabetes mellitus,6223
2001,Females,44,Mental and behavioural disorders (F00-F99),10527
2001,Females,87,Mental and behavioural disorders due to use of alcohol,589
2001,Females,45,"Drug dependence, toxicomania (F11-F16, F18-F19)",36
2001,Females,57,Diseases of the nervous system and the sense organs (G00-H95),12230
2001,Females,68,Meningitis,81
2001,Females,43,Diseases of the circulatory system (I00-I99),87725
2001,Females,83,Ischaemic heart diseases,20125
2001,Females,93,"Other heart diseases (I30-I33, I39-I52)",26190
2001,Females,22,Cerebrovascular diseases,22599
2001,Females,8,Diseases of the respiratory system (J00-J99),15332
2001,Females,84,Influenza,100
2001,Females,99,Pneumonia,5773
2001,Females,97,Chronic lower respiratory diseases,3291
2001,Females,61,Asthma and status asthmaticus,871
2001,Females,49,Diseases of the digestive system (K00-K93),11428
2001,Females,30,"Ulcer of stomach, duodenum and jejunum",517
2001,Females,64,Chronic liver disease,2602
2001,Females,18,Diseases of the skin and subcutaneous tissue (L00-L99),1587
2001,Females,52,Diseases of the musculoskeletal system and connective tissue (M00-M99),2518
2001,Females,90,"Rheumatoid arthritis and arthrosis (M05-M06,M15-M19)",575
2001,Females,63,Diseases of the genitourinary system  (N00-N99),3994
2001,Females,84,Diseases of kidney and ureter,3056
2001,Females,80,"Pregnancy, childbirth and the puerperium (O00-O99)",61
2001,Females,65,Certain conditions originating in the perinatal period (P00-P96),748
2001,Females,95,"Congenital malformations, deformations and chromosomal abnormalities (Q00-Q99)",798
2001,Females,42,Congenital malformations of the nervous system,92
2001,Females,29,Congenital malformations of the circulatory system,312
2001,Females,37,"Symptoms, signs and abnormal clinical and laboratory findings, not elsewhere classified (R00-R99)",19862
2001,Females,87,Sudden infant death syndrome,123
2001,Females,80,Ill-defined and unknown causes of mortality,6249
2001,Females,89,External causes of morbidity and mortality (V01-Y89),16977
2001,Females,46,Accidents,13165
2001,Females,20,Transport accidents (V01-V99),2125
2001,Females,45,Falls,2791
2001,Females,7,Accidental poisoning by and exposure to noxious substances,496
2001,Females,67,Intentional self-harm,2827
2001,Females,93,Assault,210
2001,Females,45,Event of undetermined intent,202
2002,Males,64,All causes of death (A00-Y89) excluding S00-T98,278794
2002,Males,73,Certain infectious and parasitic diseases (A00-B99),5468
2002,Males,55,Tuberculosis,507
2002,Males,60,Meningococcal infection,21
2002,Males,66,Viral hepatitis,472
2002,Males,36,Human immunodeficiency virus [HIV] disease,835
2002,Males,29,Neoplasms,92331
2002,Males,86,Malignant neoplasms (C00-C97),89122
2002,Males,12,"Malignant neoplasm of lip, oral cavity, pharynx",3834
2002,Males,53,Malignant neoplasm of oesophagus,3509
2002,Males,86,Malignant neoplasm of stomach,3256
2002,Males,63,Malignant neoplasm of colon,6267
2002,Males,49,"Malignant neoplasm of rectosigmoid junction, rectum, anus and anal canal",2365
2002,Males,32,Malignant neoplasm of liver and intrahepatic bile ducts,5231
2002,Males,62,Malignant neoplasm of pancreas,3875
2002,Males,57,"Malignant neoplasm of larynx,  trachea, bronchus and lung",22533
2002,Males,9,Malignant melanoma of skin,733
2002,Males,62,Malignant neoplasm of breast,188
2002,Males,17,Malignant neoplasm of cervix uteri,:
2002,Males,11,Malignant neoplasm of other parts of uterus,:
2002,Males,89,Malignant neoplasm of ovary,:
2002,Males,93,Malignant neoplasm of prostate,9526
2002,Males,12,"Malignant neoplasm of kidney, except renal pelvis",1929
2002,Males,2,Malignant neoplasm of bladder,3306
2002,Males,97,"Malignant neoplasms, stated or presumed to be primary, of lymphoid, haematopoietic and related tissue",6703
2002,Males,12,Diseases of the blood and blood-forming organs and certain disorders involving the immune mechanism,1023
2002,Males,59,"Endocrine, nutritional and metabolic diseases (E00-E90)",8366
2002,Males,23,Diabetes mellitus,5195
2002,Males,67,Mental and behavioural disorders (F00-F99),7476
2002,Males,31,Mental and behavioural disorders due to use of alcohol,2559
2002,Males,2,"Drug dependence, toxicomania (F11-F16, F18-F19)",121
2002,Males,69,Diseases of the nervous system and the sense organs (G00-H95),9773
2002,Males,44,Meningitis,96
2002,Males,49,Diseases of the circulatory system (I00-I99),74756
2002,Males,70,Ischaemic heart diseases,24569
2002,Males,81,"Other heart diseases (I30-I33, I39-I52)",19657
2002,Males,88,Cerebrovascular diseases,15948
2002,Males,17,Diseases of the respiratory system (J00-J99),17849
2002,Males,38,Influenza,219
2002,Males,93,Pneumonia,5214
2002,Males,59,Chronic lower respiratory diseases,5656
2002,Males,40,Asthma and status asthmaticus,559
2002,Males,52,Diseases of the digestive system (K00-K93),13000
2002,Males,55,"Ulcer of stomach, duodenum and jejunum",493
2002,Males,20,Chronic liver disease,6037
2002,Males,89,Diseases of the skin and subcutaneous tissue (L00-L99),634
2002,Males,38,Diseases of the musculoskeletal system and connective tissue (M00-M99),1315
2002,Males,78,"Rheumatoid arthritis and arthrosis (M05-M06,M15-M19)",150
2002,Males,2,Diseases of the genitourinary system  (N00-N99),3984
2002,Males,26,Diseases of kidney and ureter,3099
2002,Males,60,"Pregnancy, childbirth and the puerperium (O00-O99)",:
2002,Males,99,Certain conditions originating in the perinatal period (P00-P96),947
2002,Males,29,"Congenital malformations, deformations and chromosomal abnormalities (Q00-Q99)",777
2002,Males,76,Congenital malformations of the nervous system,65
2002,Males,80,Congenital malformations of the circulatory system,321
2002,Males,18,"Symptoms, signs and abnormal clinical and laboratory findings, not elsewhere classified (R00-R99)",16071
2002,Males,69,Sudden infant death syndrome,183
2002,Males,42,Ill-defined and unknown causes of mortality,7475
2002,Males,80,External causes of morbidity and mortality (V01-Y89),25024
2002,Males,63,Accidents,15515
2002,Males,96,Transport accidents (V01-V99),5672
2002,Males,49,Falls,2673
2002,Males,45,Accidental poisoning by and exposure to noxious substances,405
2002,Males,28,Intentional self-harm,7865
2002,Males,19,Assault,325
2002,Males,36,Event of undetermined intent,594
2002,Females,88,All causes of death (A00-Y89) excluding S00-T98,266555
2002,Females,21,Certain infectious and parasitic diseases (A00-B99),5194
2002,Females,9,Tuberculosis,462
2002,Females,43,Meningococcal infection,15
2002,Females,60,Viral hepatitis,405
2002,Females,88,Human immunodeficiency virus [HIV] disease,257
2002,Females,61,Neoplasms,62599
2002,Females,40,Malignant neoplasms (C00-C97),59385
2002,Females,84,"Malignant neoplasm of lip, oral cavity, pharynx",796
2002,Females,15,Malignant neoplasm of oesophagus,759
2002,Females,67,Malignant neoplasm of stomach,2031
2002,Females,23,Malignant neoplasm of colon,5867
2002,Females,74,"Malignant neoplasm of rectosigmoid junction, rectum, anus and anal canal",1792
2002,Females,23,Malignant neoplasm of liver and intrahepatic bile ducts,1788
2002,Females,57,Malignant neoplasm of pancreas,3659
2002,Females,69,"Malignant neoplasm of larynx,  trachea, bronchus and lung",5091
2002,Females,74,Malignant melanoma of skin,666
2002,Females,47,Malignant neoplasm of breast,11301
2002,Females,30,Malignant neoplasm of cervix uteri,727
2002,Females,67,Malignant neoplasm of other parts of uterus,2214
2002,Females,23,Malignant neoplasm of ovary,3334
2002,Females,55,Malignant neoplasm of prostate,:
2002,Females,69,"Malignant neoplasm of kidney, except renal pelvis",1143
2002,Females,57,Malignant neoplasm of bladder,1019
2002,Females,46,"Malignant neoplasms, stated or presumed to be primary, of lymphoid, haematopoietic and related tissue",6024
2002,Females,97,Diseases of the blood and blood-forming organs and certain disorders involving the immune mechanism,1229
2002,Females,3,"Endocrine, nutritional and metabolic diseases (E00-E90)",12047
2002,Females,8,Diabetes mellitus,6517
2002,Females,71,Mental and behavioural disorders (F00-F99),10733
2002,Females,16,Mental and behavioural disorders due to use of alcohol,625
2002,Females,78,"Drug dependence, toxicomania (F11-F16, F18-F19)",25
2002,Females,45,Diseases of the nervous system and the sense organs (G00-H95),13225
2002,Females,42,Meningitis,92
2002,Females,20,Diseases of the circulatory system (I00-I99),86365
2002,Females,53,Ischaemic heart diseases,19549
2002,Females,44,"Other heart diseases (I30-I33, I39-I52)",26604
2002,Females,23,Cerebrovascular diseases,21835
2002,Females,3,Diseases of the respiratory system (J00-J99),16378
2002,Females,53,Influenza,337
2002,Females,99,Pneumonia,6097
2002,Females,52,Chronic lower respiratory diseases,3390
2002,Females,69,Asthma and status asthmaticus,872
2002,Females,72,Diseases of the digestive system (K00-K93),11529
2002,Females,15,"Ulcer of stomach, duodenum and jejunum",446
2002,Females,53,Chronic liver disease,2600
2002,Females,12,Diseases of the skin and subcutaneous tissue (L00-L99),1585
2002,Females,31,Diseases of the musculoskeletal system and connective tissue (M00-M99),2630
2002,Females,8,"Rheumatoid arthritis and arthrosis (M05-M06,M15-M19)",583
2002,Females,62,Diseases of the genitourinary system  (N00-N99),4191
2002,Females,52,Diseases of kidney and ureter,3251
2002,Females,64,"Pregnancy, childbirth and the puerperium (O00-O99)",81
2002,Females,14,Certain conditions originating in the perinatal period (P00-P96),698
2002,Females,96,"Congenital malformations, deformations and chromosomal abnormalities (Q00-Q99)",703
2002,Females,83,Congenital malformations of the nervous system,54
2002,Females,59,Congenital malformations of the circulatory system,286
2002,Females,88,"Symptoms, signs and abnormal clinical and laboratory findings, not elsewhere classified (R00-R99)",20475
2002,Females,36,Sudden infant death syndrome,115
2002,Females,84,Ill-defined and unknown causes of mortality,5982
2002,Females,91,External causes of morbidity and mortality (V01-Y89),16893
2002,Females,57,Accidents,12693
2002,Females,87,Transport accidents (V01-V99),1930
2002,Females,44,Falls,2790
2002,Females,93,Accidental poisoning by and exposure to noxious substances,458
2002,Females,8,Intentional self-harm,2945
2002,Females,16,Assault,211
2002,Females,41,Event of undetermined intent,232
2003,Males,21,All causes of death (A00-Y89) excluding S00-T98,284729
2003,Males,56,Certain infectious and parasitic diseases (A00-B99),5616
2003,Males,60,Tuberculosis,518
2003,Males,38,Meningococcal infection,26
2003,Males,62,Viral hepatitis,406
2003,Males,96,Human immunodeficiency virus [HIV] disease,794
2003,Males,70,Neoplasms,92631
2003,Males,100,Malignant neoplasms (C00-C97),89397
2003,Males,73,"Malignant neoplasm of lip, oral cavity, pharynx",3635
2003,Males,55,Malignant neoplasm of oesophagus,3401
2003,Males,24,Malignant neoplasm of stomach,3174
2003,Males,63,Malignant neoplasm of colon,6314
2003,Males,32,"Malignant neoplasm of rectosigmoid junction, rectum, anus and anal canal",2325
2003,Males,3,Malignant neoplasm of liver and intrahepatic bile ducts,5321
2003,Males,24,Malignant neoplasm of pancreas,3946
2003,Males,12,"Malignant neoplasm of larynx,  trachea, bronchus and lung",22700
2003,Males,19,Malignant melanoma of skin,764
2003,Males,19,Malignant neoplasm of breast,188
2003,Males,93,Malignant neoplasm of cervix uteri,:
2003,Males,73,Malignant neoplasm of other parts of uterus,:
2003,Males,47,Malignant neoplasm of ovary,:
2003,Males,27,Malignant neoplasm of prostate,9695
2003,Males,48,"Malignant neoplasm of kidney, except renal pelvis",2001
2003,Males,69,Malignant neoplasm of bladder,3490
2003,Males,26,"Malignant neoplasms, stated or presumed to be primary, of lymphoid, haematopoietic and related tissue",6797
2003,Males,4,Diseases of the blood and blood-forming organs and certain disorders involving the immune mechanism,976
2003,Males,33,"Endocrine, nutritional and metabolic diseases (E00-E90)",9403
2003,Males,3,Diabetes mellitus,5611
2003,Males,16,Mental and behavioural disorders (F00-F99),7841
2003,Males,33,Mental and behavioural disorders due to use of alcohol,2552
2003,Males,93,"Drug dependence, toxicomania (F11-F16, F18-F19)",120
2003,Males,43,Diseases of the nervous system and the sense organs (G00-H95),10897
2003,Males,24,Meningitis,82
2003,Males,32,Diseases of the circulatory system (I00-I99),75040
2003,Males,41,Ischaemic heart diseases,24213
2003,Males,27,"Other heart diseases (I30-I33, I39-I52)",20036
2003,Males,72,Cerebrovascular diseases,16120
2003,Males,3,Diseases of the respiratory system (J00-J99),18939
2003,Males,2,Influenza,192
2003,Males,14,Pneumonia,5514
2003,Males,42,Chronic lower respiratory diseases,6108
2003,Males,52,Asthma and status asthmaticus,516
2003,Males,93,Diseases of the digestive system (K00-K93),13453
2003,Males,63,"Ulcer of stomach, duodenum and jejunum",501
2003,Males,39,Chronic liver disease,6122
2003,Males,26,Diseases of the skin and subcutaneous tissue (L00-L99),613
2003,Males,25,Diseases of the musculoskeletal system and connective tissue (M00-M99),1288
2003,Males,17,"Rheumatoid arthritis and arthrosis (M05-M06,M15-M19)",155
2003,Males,41,Diseases of the genitourinary system  (N00-N99),4121
2003,Males,65,Diseases of kidney and ureter,3139
2003,Males,1,"Pregnancy, childbirth and the puerperium (O00-O99)",:
2003,Males,76,Certain conditions originating in the perinatal period (P00-P96),910
2003,Males,65,"Congenital malformations, deformations and chromosomal abnormalities (Q00-Q99)",858
2003,Males,96,Congenital malformations of the nervous system,77
2003,Males,22,Congenital malformations of the circulatory system,341
2003,Males,71,"Symptoms, signs and abnormal clinical and laboratory findings, not elsewhere classified (R00-R99)",17010
2003,Males,43,Sudden infant death syndrome,173
2003,Males,42,Ill-defined and unknown causes of mortality,7523
2003,Males,85,External causes of morbidity and mortality (V01-Y89),25133
2003,Males,54,Accidents,15299
2003,Males,11,Transport accidents (V01-V99),4811
2003,Males,77,Falls,2788
2003,Males,43,Accidental poisoning by and exposure to noxious substances,513
2003,Males,68,Intentional self-harm,8187
2003,Males,39,Assault,306
2003,Males,67,Event of undetermined intent,506
2003,Females,37,All causes of death (A00-Y89) excluding S00-T98,277858
2003,Females,41,Certain infectious and parasitic diseases (A00-B99),5781
2003,Females,11,Tuberculosis,441
2003,Females,66,Meningococcal infection,18
2003,Females,2,Viral hepatitis,329
2003,Females,42,Human immunodeficiency virus [HIV] disease,250
2003,Females,10,Neoplasms,63145
2003,Females,70,Malignant neoplasms (C00-C97),59885
2003,Females,39,"Malignant neoplasm of lip, oral cavity, pharynx",707
2003,Females,72,Malignant neoplasm of oesophagus,690
2003,Females,43,Malignant neoplasm of stomach,1878
2003,Females,49,Malignant neoplasm of colon,6082
2003,Females,89,"Malignant neoplasm of rectosigmoid junction, rectum, anus and anal canal",1857
2003,Females,44,Malignant neoplasm of liver and intrahepatic bile ducts,1856
2003,Females,8,Malignant neoplasm of pancreas,3577
2003,Females,51,"Malignant neoplasm of larynx,  trachea, bronchus and lung",5422
2003,Females,69,Malignant melanoma of skin,684
2003,Females,34,Malignant neoplasm of breast,11276
2003,Females,65,Malignant neoplasm of cervix uteri,782
2003,Females,42,Malignant neoplasm of other parts of uterus,2299
2003,Females,92,Malignant neoplasm of ovary,3279
2003,Females,90,Malignant neoplasm of prostate,:
2003,Females,73,"Malignant neoplasm of kidney, except renal pelvis",1158
2003,Females,99,Malignant neoplasm of bladder,1091
2003,Females,85,"Malignant neoplasms, stated or presumed to be primary, of lymphoid, haematopoietic and related tissue",6075
2003,Females,38,Diseases of the blood and blood-forming organs and certain disorders involving the immune mechanism,1360
2003,Females,11,"Endocrine, nutritional and metabolic diseases (E00-E90)",14081
2003,Females,54,Diabetes mellitus,6744
2003,Females,26,Mental and behavioural disorders (F00-F99),11487
2003,Females,61,Mental and behavioural disorders due to use of alcohol,656
2003,Females,89,"Drug dependence, toxicomania (F11-F16, F18-F19)",31
2003,Females,57,Diseases of the nervous system and the sense organs (G00-H95),15098
2003,Females,98,Meningitis,67
2003,Females,1,Diseases of the circulatory system (I00-I99),87738
2003,Females,60,Ischaemic heart diseases,19741
2003,Females,14,"Other heart diseases (I30-I33, I39-I52)",27084
2003,Females,77,Cerebrovascular diseases,22116
2003,Females,61,Diseases of the respiratory system (J00-J99),17572
2003,Females,95,Influenza,283
2003,Females,92,Pneumonia,6578
2003,Females,56,Chronic lower respiratory diseases,3714
2003,Females,50,Asthma and status asthmaticus,895
2003,Females,13,Diseases of the digestive system (K00-K93),11556
2003,Females,57,"Ulcer of stomach, duodenum and jejunum",481
2003,Females,19,Chronic liver disease,2479
2003,Females,87,Diseases of the skin and subcutaneous tissue (L00-L99),1680
2003,Females,20,Diseases of the musculoskeletal system and connective tissue (M00-M99),2594
2003,Females,63,"Rheumatoid arthritis and arthrosis (M05-M06,M15-M19)",555
2003,Females,3,Diseases of the genitourinary system  (N00-N99),4437
2003,Females,8,Diseases of kidney and ureter,3269
2003,Females,42,"Pregnancy, childbirth and the puerperium (O00-O99)",66
2003,Females,61,Certain conditions originating in the perinatal period (P00-P96),673
2003,Females,60,"Congenital malformations, deformations and chromosomal abnormalities (Q00-Q99)",774
2003,Females,44,Congenital malformations of the nervous system,82
2003,Females,95,Congenital malformations of the circulatory system,287
2003,Females,7,"Symptoms, signs and abnormal clinical and laboratory findings, not elsewhere classified (R00-R99)",22274
2003,Females,94,Sudden infant death syndrome,90
2003,Females,18,Ill-defined and unknown causes of mortality,6174
2003,Females,96,External causes of morbidity and mortality (V01-Y89),17542
2003,Females,58,Accidents,13624
2003,Females,23,Transport accidents (V01-V99),1538
2003,Females,8,Falls,3149
2003,Females,59,Accidental poisoning by and exposure to noxious substances,507
2003,Females,77,Intentional self-harm,2864
2003,Females,68,Assault,197
2003,Females,23,Event of undetermined intent,121
2004,Males,90,All causes of death (A00-Y89) excluding S00-T98,268653
2004,Males,94,Certain infectious and parasitic diseases (A00-B99),5067
2004,Males,74,Tuberculosis,433
2004,Males,46,Meningococcal infection,18
2004,Males,78,Viral hepatitis,399
2004,Males,4,Human immunodeficiency virus [HIV] disease,766
2004,Males,15,Neoplasms,92071
2004,Males,4,Malignant neoplasms (C00-C97),88852
2004,Males,90,"Malignant neoplasm of lip, oral cavity, pharynx",3623
2004,Males,92,Malignant neoplasm of oesophagus,3257
2004,Males,41,Malignant neoplasm of stomach,3216
2004,Males,18,Malignant neoplasm of colon,6541
2004,Males,26,"Malignant neoplasm of rectosigmoid junction, rectum, anus and anal canal",2363
2004,Males,70,Malignant neoplasm of liver and intrahepatic bile ducts,5345
2004,Males,91,Malignant neoplasm of pancreas,4088
2004,Males,39,"Malignant neoplasm of larynx,  trachea, bronchus and lung",22965
2004,Males,81,Malignant melanoma of skin,775
2004,Males,40,Malignant neoplasm of breast,206
2004,Males,96,Malignant neoplasm of cervix uteri,:
2004,Males,27,Malignant neoplasm of other parts of uterus,:
2004,Males,8,Malignant neoplasm of ovary,:
2004,Males,11,Malignant neoplasm of prostate,9398
2004,Males,68,"Malignant neoplasm of kidney, except renal pelvis",1960
2004,Males,42,Malignant neoplasm of bladder,3460
2004,Males,98,"Malignant neoplasms, stated or presumed to be primary, of lymphoid, haematopoietic and related tissue",6625
2004,Males,17,Diseases of the blood and blood-forming organs and certain disorders involving the immune mechanism,1003
2004,Males,95,"Endocrine, nutritional and metabolic diseases (E00-E90)",8426
2004,Males,5,Diabetes mellitus,5344
2004,Males,21,Mental and behavioural disorders (F00-F99),6921
2004,Males,92,Mental and behavioural disorders due to use of alcohol,2371
2004,Males,16,"Drug dependence, toxicomania (F11-F16, F18-F19)",144
2004,Males,93,Diseases of the nervous system and the sense organs (G00-H95),9980
2004,Males,23,Meningitis,83
2004,Males,29,Diseases of the circulatory system (I00-I99),70815
2004,Males,92,Ischaemic heart diseases,23420
2004,Males,35,"Other heart diseases (I30-I33, I39-I52)",18837
2004,Males,81,Cerebrovascular diseases,14515
2004,Males,10,Diseases of the respiratory system (J00-J99),16230
2004,Males,58,Influenza,56
2004,Males,68,Pneumonia,4506
2004,Males,3,Chronic lower respiratory diseases,5446
2004,Males,14,Asthma and status asthmaticus,410
2004,Males,70,Diseases of the digestive system (K00-K93),12538
2004,Males,56,"Ulcer of stomach, duodenum and jejunum",412
2004,Males,63,Chronic liver disease,5601
2004,Males,36,Diseases of the skin and subcutaneous tissue (L00-L99),555
2004,Males,49,Diseases of the musculoskeletal system and connective tissue (M00-M99),1251
2004,Males,28,"Rheumatoid arthritis and arthrosis (M05-M06,M15-M19)",152
2004,Males,37,Diseases of the genitourinary system  (N00-N99),3973
2004,Males,34,Diseases of kidney and ureter,3106
2004,Males,63,"Pregnancy, childbirth and the puerperium (O00-O99)",:
2004,Males,99,Certain conditions originating in the perinatal period (P00-P96),889
2004,Males,38,"Congenital malformations, deformations and chromosomal abnormalities (Q00-Q99)",831
2004,Males,83,Congenital malformations of the nervous system,87
2004,Males,64,Congenital malformations of the circulatory system,340
2004,Males,28,"Symptoms, signs and abnormal clinical and laboratory findings, not elsewhere classified (R00-R99)",14974
2004,Males,29,Sudden infant death syndrome,160
2004,Males,72,Ill-defined and unknown causes of mortality,6642
2004,Males,63,External causes of morbidity and mortality (V01-Y89),23129
2004,Males,49,Accidents,13599
2004,Males,97,Transport accidents (V01-V99),4237
2004,Males,79,Falls,2625
2004,Males,98,Accidental poisoning by and exposure to noxious substances,467
2004,Males,54,Intentional self-harm,8000
2004,Males,16,Assault,311
2004,Males,3,Event of undetermined intent,399
2004,Females,22,All causes of death (A00-Y89) excluding S00-T98,250788
2004,Females,33,Certain infectious and parasitic diseases (A00-B99),4824
2004,Females,88,Tuberculosis,404
2004,Females,68,Meningococcal infection,18
2004,Females,14,Viral hepatitis,342
2004,Females,100,Human immunodeficiency virus [HIV] disease,252
2004,Females,13,Neoplasms,62907
2004,Females,94,Malignant neoplasms (C00-C97),59794
2004,Females,8,"Malignant neoplasm of lip, oral cavity, pharynx",740
2004,Females,78,Malignant neoplasm of oesophagus,697
2004,Females,31,Malignant neoplasm of stomach,1894
2004,Females,68,Malignant neoplasm of colon,5853
2004,Females,94,"Malignant neoplasm of rectosigmoid junction, rectum, anus and anal canal",1879
2004,Females,43,Malignant neoplasm of liver and intrahepatic bile ducts,1839
2004,Females,25,Malignant neoplasm of pancreas,3773
2004,Females,56,"Malignant neoplasm of larynx,  trachea, bronchus and lung",5677
2004,Females,69,Malignant melanoma of skin,661
2004,Females,92,Malignant neoplasm of breast,11333
2004,Females,64,Malignant neoplasm of cervix uteri,768
2004,Females,80,Malignant neoplasm of other parts of uterus,2254
2004,Females,67,Malignant neoplasm of ovary,3272
2004,Females,82,Malignant neoplasm of prostate,:
2004,Females,38,"Malignant neoplasm of kidney, except renal pelvis",1089
2004,Females,77,Malignant neoplasm of bladder,1153
2004,Females,12,"Malignant neoplasms, stated or presumed to be primary, of lymphoid, haematopoietic and related tissue",5894
2004,Females,55,Diseases of the blood and blood-forming organs and certain disorders involving the immune mechanism,1161
2004,Females,39,"Endocrine, nutritional and metabolic diseases (E00-E90)",11101
2004,Females,90,Diabetes mellitus,6053
2004,Females,39,Mental and behavioural disorders (F00-F99),9372
2004,Females,32,Mental and behavioural disorders due to use of alcohol,581
2004,Females,76,"Drug dependence, toxicomania (F11-F16, F18-F19)",22
2004,Females,67,Diseases of the nervous system and the sense organs (G00-H95),13853
2004,Females,5,Meningitis,97
2004,Females,34,Diseases of the circulatory system (I00-I99),79510
2004,Females,85,Ischaemic heart diseases,17812
2004,Females,48,"Other heart diseases (I30-I33, I39-I52)",24405
2004,Females,38,Cerebrovascular diseases,20024
2004,Females,10,Diseases of the respiratory system (J00-J99),14563
2004,Females,78,Influenza,107
2004,Females,25,Pneumonia,5176
2004,Females,58,Chronic lower respiratory diseases,3286
2004,Females,47,Asthma and status asthmaticus,753
2004,Females,87,Diseases of the digestive system (K00-K93),10809
2004,Females,83,"Ulcer of stomach, duodenum and jejunum",431
2004,Females,37,Chronic liver disease,2327
2004,Females,53,Diseases of the skin and subcutaneous tissue (L00-L99),1354
2004,Females,50,Diseases of the musculoskeletal system and connective tissue (M00-M99),2279
2004,Females,5,"Rheumatoid arthritis and arthrosis (M05-M06,M15-M19)",475
2004,Females,38,Diseases of the genitourinary system  (N00-N99),4052
2004,Females,46,Diseases of kidney and ureter,3194
2004,Females,65,"Pregnancy, childbirth and the puerperium (O00-O99)",61
2004,Females,10,Certain conditions originating in the perinatal period (P00-P96),676
2004,Females,41,"Congenital malformations, deformations and chromosomal abnormalities (Q00-Q99)",745
2004,Females,33,Congenital malformations of the nervous system,74
2004,Females,93,Congenital malformations of the circulatory system,293
2004,Females,27,"Symptoms, signs and abnormal clinical and laboratory findings, not elsewhere classified (R00-R99)",18342
2004,Females,26,Sudden infant death syndrome,106
2004,Females,95,Ill-defined and unknown causes of mortality,5143
2004,Females,38,External causes of morbidity and mortality (V01-Y89),15179
2004,Females,31,Accidents,11078
2004,Females,44,Transport accidents (V01-V99),1390
2004,Females,77,Falls,2799
2004,Females,94,Accidental poisoning by and exposure to noxious substances,466
2004,Females,75,Intentional self-harm,2979
2004,Females,26,Assault,213
2004,Females,66,Event of undetermined intent,87
2005,Males,17,All causes of death (A00-Y89) excluding S00-T98,276553
2005,Males,24,Certain infectious and parasitic diseases (A00-B99),5206
2005,Males,75,Tuberculosis,443
2005,Males,13,Meningococcal infection,12
2005,Males,48,Viral hepatitis,430
2005,Males,68,Human immunodeficiency virus [HIV] disease,685
2005,Males,74,Neoplasms,93550
2005,Males,63,Malignant neoplasms (C00-C97),90157
2005,Males,66,"Malignant neoplasm of lip, oral cavity, pharynx",3442
2005,Males,100,Malignant neoplasm of oesophagus,3323
2005,Males,10,Malignant neoplasm of stomach,3177
2005,Males,83,Malignant neoplasm of colon,6461
2005,Males,54,"Malignant neoplasm of rectosigmoid junction, rectum, anus and anal canal",2395
2005,Males,5,Malignant neoplasm of liver and intrahepatic bile ducts,5516
2005,Males,15,Malignant neoplasm of pancreas,4235
2005,Males,70,"Malignant neoplasm of larynx,  trachea, bronchus and lung",23467
2005,Males,3,Malignant melanoma of skin,810
2005,Males,40,Malignant neoplasm of breast,203
2005,Males,14,Malignant neoplasm of cervix uteri,:
2005,Males,97,Malignant neoplasm of other parts of uterus,:
2005,Males,79,Malignant neoplasm of ovary,:
2005,Males,11,Malignant neoplasm of prostate,9393
2005,Males,43,"Malignant neoplasm of kidney, except renal pelvis",1977
2005,Males,69,Malignant neoplasm of bladder,3611
2005,Males,57,"Malignant neoplasms, stated or presumed to be primary, of lymphoid, haematopoietic and related tissue",6785
2005,Males,63,Diseases of the blood and blood-forming organs and certain disorders involving the immune mechanism,983
2005,Males,34,"Endocrine, nutritional and metabolic diseases (E00-E90)",8597
2005,Males,35,Diabetes mellitus,5594
2005,Males,3,Mental and behavioural disorders (F00-F99),7424
2005,Males,40,Mental and behavioural disorders due to use of alcohol,2534
2005,Males,19,"Drug dependence, toxicomania (F11-F16, F18-F19)",145
2005,Males,65,Diseases of the nervous system and the sense organs (G00-H95),11207
2005,Males,85,Meningitis,83
2005,Males,85,Diseases of the circulatory system (I00-I99),71557
2005,Males,56,Ischaemic heart diseases,23300
2005,Males,1,"Other heart diseases (I30-I33, I39-I52)",19344
2005,Males,79,Cerebrovascular diseases,14844
2005,Males,11,Diseases of the respiratory system (J00-J99),18366
2005,Males,23,Influenza,368
2005,Males,46,Pneumonia,5225
2005,Males,23,Chronic lower respiratory diseases,6026
2005,Males,59,Asthma and status asthmaticus,433
2005,Males,10,Diseases of the digestive system (K00-K93),12758
2005,Males,96,"Ulcer of stomach, duodenum and jejunum",466
2005,Males,86,Chronic liver disease,5579
2005,Males,81,Diseases of the skin and subcutaneous tissue (L00-L99),535
2005,Males,87,Diseases of the musculoskeletal system and connective tissue (M00-M99),1256
2005,Males,29,"Rheumatoid arthritis and arthrosis (M05-M06,M15-M19)",149
2005,Males,21,Diseases of the genitourinary system  (N00-N99),4184
2005,Males,14,Diseases of kidney and ureter,3228
2005,Males,73,"Pregnancy, childbirth and the puerperium (O00-O99)",:
2005,Males,67,Certain conditions originating in the perinatal period (P00-P96),867
2005,Males,35,"Congenital malformations, deformations and chromosomal abnormalities (Q00-Q99)",828
2005,Males,91,Congenital malformations of the nervous system,63
2005,Males,35,Congenital malformations of the circulatory system,312
2005,Males,90,"Symptoms, signs and abnormal clinical and laboratory findings, not elsewhere classified (R00-R99)",15836
2005,Males,89,Sudden infant death syndrome,165
2005,Males,39,Ill-defined and unknown causes of mortality,7084
2005,Males,100,External causes of morbidity and mortality (V01-Y89),23399
2005,Males,39,Accidents,13944
2005,Males,69,Transport accidents (V01-V99),4204
2005,Males,24,Falls,2635
2005,Males,13,Accidental poisoning by and exposure to noxious substances,571
2005,Males,74,Intentional self-harm,7958
2005,Males,56,Assault,326
2005,Males,68,Event of undetermined intent,376
2005,Females,10,All causes of death (A00-Y89) excluding S00-T98,261633
2005,Females,44,Certain infectious and parasitic diseases (A00-B99),5063
2005,Females,80,Tuberculosis,418
2005,Females,62,Meningococcal infection,19
2005,Females,84,Viral hepatitis,355
2005,Females,35,Human immunodeficiency virus [HIV] disease,232
2005,Females,8,Neoplasms,64281
2005,Females,61,Malignant neoplasms (C00-C97),61027
2005,Females,74,"Malignant neoplasm of lip, oral cavity, pharynx",754
2005,Females,2,Malignant neoplasm of oesophagus,674
2005,Females,6,Malignant neoplasm of stomach,1867
2005,Females,54,Malignant neoplasm of colon,5990
2005,Females,37,"Malignant neoplasm of rectosigmoid junction, rectum, anus and anal canal",1968
2005,Females,50,Malignant neoplasm of liver and intrahepatic bile ducts,1922
2005,Females,68,Malignant neoplasm of pancreas,3907
2005,Females,4,"Malignant neoplasm of larynx,  trachea, bronchus and lung",6127
2005,Females,96,Malignant melanoma of skin,716
2005,Females,25,Malignant neoplasm of breast,11466
2005,Females,4,Malignant neoplasm of cervix uteri,761
2005,Females,1,Malignant neoplasm of other parts of uterus,2288
2005,Females,17,Malignant neoplasm of ovary,3349
2005,Females,8,Malignant neoplasm of prostate,:
2005,Females,39,"Malignant neoplasm of kidney, except renal pelvis",1156
2005,Females,56,Malignant neoplasm of bladder,1139
2005,Females,94,"Malignant neoplasms, stated or presumed to be primary, of lymphoid, haematopoietic and related tissue",6018
2005,Females,34,Diseases of the blood and blood-forming organs and certain disorders involving the immune mechanism,1231
2005,Females,2,"Endocrine, nutritional and metabolic diseases (E00-E90)",11367
2005,Females,37,Diabetes mellitus,6210
2005,Females,87,Mental and behavioural disorders (F00-F99),9949
2005,Females,65,Mental and behavioural disorders due to use of alcohol,639
2005,Females,3,"Drug dependence, toxicomania (F11-F16, F18-F19)",30
2005,Females,24,Diseases of the nervous system and the sense organs (G00-H95),15615
2005,Females,3,Meningitis,79
2005,Females,20,Diseases of the circulatory system (I00-I99),81322
2005,Females,74,Ischaemic heart diseases,17842
2005,Females,64,"Other heart diseases (I30-I33, I39-I52)",25664
2005,Females,64,Cerebrovascular diseases,20076
2005,Females,22,Diseases of the respiratory system (J00-J99),17268
2005,Females,59,Influenza,643
2005,Females,43,Pneumonia,6132
2005,Females,69,Chronic lower respiratory diseases,3676
2005,Females,90,Asthma and status asthmaticus,758
2005,Females,4,Diseases of the digestive system (K00-K93),10950
2005,Females,61,"Ulcer of stomach, duodenum and jejunum",423
2005,Females,14,Chronic liver disease,2340
2005,Females,60,Diseases of the skin and subcutaneous tissue (L00-L99),1256
2005,Females,58,Diseases of the musculoskeletal system and connective tissue (M00-M99),2370
2005,Females,84,"Rheumatoid arthritis and arthrosis (M05-M06,M15-M19)",510
2005,Females,7,Diseases of the genitourinary system  (N00-N99),4386
2005,Females,81,Diseases of kidney and ureter,3411
2005,Females,15,"Pregnancy, childbirth and the puerperium (O00-O99)",47
2005,Females,75,Certain conditions originating in the perinatal period (P00-P96),661
2005,Females,77,"Congenital malformations, deformations and chromosomal abnormalities (Q00-Q99)",717
2005,Females,45,Congenital malformations of the nervous system,59
2005,Females,34,Congenital malformations of the circulatory system,268
2005,Females,33,"Symptoms, signs and abnormal clinical and laboratory findings, not elsewhere classified (R00-R99)",19781
2005,Females,35,Sudden infant death syndrome,94
2005,Females,17,Ill-defined and unknown causes of mortality,5884
2005,Females,85,External causes of morbidity and mortality (V01-Y89),15369
2005,Females,79,Accidents,11370
2005,Females,62,Transport accidents (V01-V99),1404
2005,Females,87,Falls,2775
2005,Females,68,Accidental poisoning by and exposure to noxious substances,464
2005,Females,2,Intentional self-harm,2937
2005,Females,9,Assault,168
2005,Females,61,Event of undetermined intent,67
2006,Males,96,All causes of death (A00-Y89) excluding S00-T98,271406
2006,Males,34,Certain infectious and parasitic diseases (A00-B99),5331
2006,Males,45,Tuberculosis,402
2006,Males,4,Meningococcal infection,14
2006,Males,24,Viral hepatitis,407
2006,Males,64,Human immunodeficiency virus [HIV] disease,668
2006,Males,23,Neoplasms,93207
2006,Males,84,Malignant neoplasms (C00-C97),89915
2006,Males,52,"Malignant neoplasm of lip, oral cavity, pharynx",3473
2006,Males,3,Malignant neoplasm of oesophagus,3193
2006,Males,38,Malignant neoplasm of stomach,3166
2006,Males,48,Malignant neoplasm of colon,6379
2006,Males,36,"Malignant neoplasm of rectosigmoid junction, rectum, anus and anal canal",2422
2006,Males,33,Malignant neoplasm of liver and intrahepatic bile ducts,5578
2006,Males,52,Malignant neoplasm of pancreas,4307
2006,Males,34,"Malignant neoplasm of larynx,  trachea, bronchus and lung",23519
2006,Males,86,Malignant melanoma of skin,818
2006,Males,5,Malignant neoplasm of breast,191
2006,Males,29,Malignant neoplasm of cervix uteri,:
2006,Males,68,Malignant neoplasm of other parts of uterus,:
2006,Males,52,Malignant neoplasm of ovary,:
2006,Males,25,Malignant neoplasm of prostate,9236
2006,Males,44,"Malignant neoplasm of kidney, except renal pelvis",2034
2006,Males,8,Malignant neoplasm of bladder,3579
2006,Males,46,"Malignant neoplasms, stated or presumed to be primary, of lymphoid, haematopoietic and related tissue",6836
2006,Males,95,Diseases of the blood and blood-forming organs and certain disorders involving the immune mechanism,962
2006,Males,13,"Endocrine, nutritional and metabolic diseases (E00-E90)",8372
2006,Males,37,Diabetes mellitus,5433
2006,Males,55,Mental and behavioural disorders (F00-F99),7201
2006,Males,62,Mental and behavioural disorders due to use of alcohol,2477
2006,Males,97,"Drug dependence, toxicomania (F11-F16, F18-F19)",176
2006,Males,34,Diseases of the nervous system and the sense organs (G00-H95),11398
2006,Males,7,Meningitis,78
2006,Males,28,Diseases of the circulatory system (I00-I99),69625
2006,Males,49,Ischaemic heart diseases,22363
2006,Males,62,"Other heart diseases (I30-I33, I39-I52)",18915
2006,Males,3,Cerebrovascular diseases,14235
2006,Males,26,Diseases of the respiratory system (J00-J99),16581
2006,Males,65,Influenza,50
2006,Males,24,Pneumonia,4653
2006,Males,74,Chronic lower respiratory diseases,5511
2006,Males,15,Asthma and status asthmaticus,388
2006,Males,23,Diseases of the digestive system (K00-K93),12758
2006,Males,44,"Ulcer of stomach, duodenum and jejunum",398
2006,Males,88,Chronic liver disease,5554
2006,Males,54,Diseases of the skin and subcutaneous tissue (L00-L99),546
2006,Males,100,Diseases of the musculoskeletal system and connective tissue (M00-M99),1234
2006,Males,65,"Rheumatoid arthritis and arthrosis (M05-M06,M15-M19)",137
2006,Males,57,Diseases of the genitourinary system  (N00-N99),4192
2006,Males,9,Diseases of kidney and ureter,3258
2006,Males,2,"Pregnancy, childbirth and the puerperium (O00-O99)",:
2006,Males,72,Certain conditions originating in the perinatal period (P00-P96),910
2006,Males,86,"Congenital malformations, deformations and chromosomal abnormalities (Q00-Q99)",843
2006,Males,44,Congenital malformations of the nervous system,84
2006,Males,3,Congenital malformations of the circulatory system,330
2006,Males,46,"Symptoms, signs and abnormal clinical and laboratory findings, not elsewhere classified (R00-R99)",15332
2006,Males,32,Sudden infant death syndrome,144
2006,Males,60,Ill-defined and unknown causes of mortality,6860
2006,Males,5,External causes of morbidity and mortality (V01-Y89),22914
2006,Males,60,Accidents,13524
2006,Males,39,Transport accidents (V01-V99),3828
2006,Males,14,Falls,2610
2006,Males,46,Accidental poisoning by and exposure to noxious substances,555
2006,Males,35,Intentional self-harm,7740
2006,Males,37,Assault,327
2006,Males,30,Event of undetermined intent,414
2006,Females,34,All causes of death (A00-Y89) excluding S00-T98,255160
2006,Females,65,Certain infectious and parasitic diseases (A00-B99),4961
2006,Females,24,Tuberculosis,341
2006,Females,17,Meningococcal infection,17
2006,Females,3,Viral hepatitis,335
2006,Females,76,Human immunodeficiency virus [HIV] disease,218
2006,Females,49,Neoplasms,64651
2006,Females,63,Malignant neoplasms (C00-C97),61464
2006,Females,27,"Malignant neoplasm of lip, oral cavity, pharynx",734
2006,Females,38,Malignant neoplasm of oesophagus,719
2006,Females,67,Malignant neoplasm of stomach,1784
2006,Females,24,Malignant neoplasm of colon,5917
2006,Females,78,"Malignant neoplasm of rectosigmoid junction, rectum, anus and anal canal",1892
2006,Females,47,Malignant neoplasm of liver and intrahepatic bile ducts,1972
2006,Females,41,Malignant neoplasm of pancreas,4049
2006,Females,41,"Malignant neoplasm of larynx,  trachea, bronchus and lung",6534
2006,Females,38,Malignant melanoma of skin,741
2006,Females,5,Malignant neoplasm of breast,11584
2006,Females,19,Malignant neoplasm of cervix uteri,744
2006,Females,21,Malignant neoplasm of other parts of uterus,2389
2006,Females,41,Malignant neoplasm of ovary,3363
2006,Females,6,Malignant neoplasm of prostate,:
2006,Females,31,"Malignant neoplasm of kidney, except renal pelvis",1110
2006,Females,86,Malignant neoplasm of bladder,1156
2006,Females,57,"Malignant neoplasms, stated or presumed to be primary, of lymphoid, haematopoietic and related tissue",5879
2006,Females,70,Diseases of the blood and blood-forming organs and certain disorders involving the immune mechanism,1272
2006,Females,9,"Endocrine, nutritional and metabolic diseases (E00-E90)",11117
2006,Females,75,Diabetes mellitus,6086
2006,Females,91,Mental and behavioural disorders (F00-F99),9632
2006,Females,22,Mental and behavioural disorders due to use of alcohol,619
2006,Females,53,"Drug dependence, toxicomania (F11-F16, F18-F19)",25
2006,Females,71,Diseases of the nervous system and the sense organs (G00-H95),16212
2006,Females,11,Meningitis,76
2006,Females,96,Diseases of the circulatory system (I00-I99),78832
2006,Females,31,Ischaemic heart diseases,17030
2006,Females,81,"Other heart diseases (I30-I33, I39-I52)",25073
2006,Females,13,Cerebrovascular diseases,19390
2006,Females,62,Diseases of the respiratory system (J00-J99),14546
2006,Females,29,Influenza,77
2006,Females,65,Pneumonia,5190
2006,Females,26,Chronic lower respiratory diseases,3305
2006,Females,8,Asthma and status asthmaticus,657
2006,Females,39,Diseases of the digestive system (K00-K93),10820
2006,Females,74,"Ulcer of stomach, duodenum and jejunum",393
2006,Females,18,Chronic liver disease,2308
2006,Females,83,Diseases of the skin and subcutaneous tissue (L00-L99),1284
2006,Females,7,Diseases of the musculoskeletal system and connective tissue (M00-M99),2305
2006,Females,18,"Rheumatoid arthritis and arthrosis (M05-M06,M15-M19)",449
2006,Females,30,Diseases of the genitourinary system  (N00-N99),4331
2006,Females,5,Diseases of kidney and ureter,3391
2006,Females,39,"Pregnancy, childbirth and the puerperium (O00-O99)",68
2006,Females,83,Certain conditions originating in the perinatal period (P00-P96),638
2006,Females,42,"Congenital malformations, deformations and chromosomal abnormalities (Q00-Q99)",724
2006,Females,46,Congenital malformations of the nervous system,64
2006,Females,100,Congenital malformations of the circulatory system,292
2006,Females,57,"Symptoms, signs and abnormal clinical and laboratory findings, not elsewhere classified (R00-R99)",18966
2006,Females,30,Sudden infant death syndrome,113
2006,Females,100,Ill-defined and unknown causes of mortality,5473
2006,Females,30,External causes of morbidity and mortality (V01-Y89),14801
2006,Females,60,Accidents,10861
2006,Females,80,Transport accidents (V01-V99),1197
2006,Females,62,Falls,2709
2006,Females,52,Accidental poisoning by and exposure to noxious substances,510
2006,Females,63,Intentional self-harm,2861
2006,Females,93,Assault,159
2006,Females,14,Event of undetermined intent,76
2007,Males,13,All causes of death (A00-Y89) excluding S00-T98,273401
2007,Males,7,Certain infectious and parasitic diseases (A00-B99),5266
2007,Males,70,Tuberculosis,364
2007,Males,19,Meningococcal infection,17
2007,Males,94,Viral hepatitis,408
2007,Males,35,Human immunodeficiency virus [HIV] disease,597
2007,Males,19,Neoplasms,93773
2007,Males,83,Malignant neoplasms (C00-C97),90397
2007,Males,65,"Malignant neoplasm of lip, oral cavity, pharynx",3317
2007,Males,82,Malignant neoplasm of oesophagus,3196
2007,Males,35,Malignant neoplasm of stomach,3123
2007,Males,72,Malignant neoplasm of colon,6416
2007,Males,82,"Malignant neoplasm of rectosigmoid junction, rectum, anus and anal canal",2357
2007,Males,65,Malignant neoplasm of liver and intrahepatic bile ducts,5529
2007,Males,75,Malignant neoplasm of pancreas,4493
2007,Males,66,"Malignant neoplasm of larynx,  trachea, bronchus and lung",23584
2007,Males,69,Malignant melanoma of skin,879
2007,Males,61,Malignant neoplasm of breast,225
2007,Males,79,Malignant neoplasm of cervix uteri,:
2007,Males,77,Malignant neoplasm of other parts of uterus,:
2007,Males,32,Malignant neoplasm of ovary,:
2007,Males,87,Malignant neoplasm of prostate,9297
2007,Males,37,"Malignant neoplasm of kidney, except renal pelvis",2015
2007,Males,73,Malignant neoplasm of bladder,3674
2007,Males,35,"Malignant neoplasms, stated or presumed to be primary, of lymphoid, haematopoietic and related tissue",6958
2007,Males,91,Diseases of the blood and blood-forming organs and certain disorders involving the immune mechanism,1025
2007,Males,75,"Endocrine, nutritional and metabolic diseases (E00-E90)",8392
2007,Males,6,Diabetes mellitus,5367
2007,Males,74,Mental and behavioural disorders (F00-F99),7420
2007,Males,70,Mental and behavioural disorders due to use of alcohol,2438
2007,Males,56,"Drug dependence, toxicomania (F11-F16, F18-F19)",172
2007,Males,25,Diseases of the nervous system and the sense organs (G00-H95),11612
2007,Males,42,Meningitis,79
2007,Males,48,Diseases of the circulatory system (I00-I99),69630
2007,Males,88,Ischaemic heart diseases,22027
2007,Males,79,"Other heart diseases (I30-I33, I39-I52)",19416
2007,Males,18,Cerebrovascular diseases,14085
2007,Males,59,Diseases of the respiratory system (J00-J99),17257
2007,Males,45,Influenza,96
2007,Males,28,Pneumonia,5118
2007,Males,100,Chronic lower respiratory diseases,5649
2007,Males,98,Asthma and status asthmaticus,368
2007,Males,36,Diseases of the digestive system (K00-K93),12641
2007,Males,95,"Ulcer of stomach, duodenum and jejunum",398
2007,Males,83,Chronic liver disease,5453
2007,Males,4,Diseases of the skin and subcutaneous tissue (L00-L99),504
2007,Males,55,Diseases of the musculoskeletal system and connective tissue (M00-M99),1138
2007,Males,33,"Rheumatoid arthritis and arthrosis (M05-M06,M15-M19)",138
2007,Males,25,Diseases of the genitourinary system  (N00-N99),4180
2007,Males,20,Diseases of kidney and ureter,3239
2007,Males,76,"Pregnancy, childbirth and the puerperium (O00-O99)",:
2007,Males,55,Certain conditions originating in the perinatal period (P00-P96),859
2007,Males,36,"Congenital malformations, deformations and chromosomal abnormalities (Q00-Q99)",899
2007,Males,6,Congenital malformations of the nervous system,69
2007,Males,85,Congenital malformations of the circulatory system,354
2007,Males,100,"Symptoms, signs and abnormal clinical and laboratory findings, not elsewhere classified (R00-R99)",16045
2007,Males,35,Sudden infant death syndrome,133
2007,Males,37,Ill-defined and unknown causes of mortality,7022
2007,Males,58,External causes of morbidity and mortality (V01-Y89),22760
2007,Males,94,Accidents,13585
2007,Males,51,Transport accidents (V01-V99),3697
2007,Males,91,Falls,2657
2007,Males,40,Accidental poisoning by and exposure to noxious substances,709
2007,Males,89,Intentional self-harm,7559
2007,Males,46,Assault,268
2007,Males,69,Event of undetermined intent,425
2007,Females,94,All causes of death (A00-Y89) excluding S00-T98,257419
2007,Females,77,Certain infectious and parasitic diseases (A00-B99),4938
2007,Females,75,Tuberculosis,318
2007,Females,87,Meningococcal infection,17
2007,Females,40,Viral hepatitis,317
2007,Females,56,Human immunodeficiency virus [HIV] disease,197
2007,Females,24,Neoplasms,64724
2007,Females,98,Malignant neoplasms (C00-C97),61499
2007,Females,43,"Malignant neoplasm of lip, oral cavity, pharynx",733
2007,Females,30,Malignant neoplasm of oesophagus,780
2007,Females,71,Malignant neoplasm of stomach,1734
2007,Females,45,Malignant neoplasm of colon,5937
2007,Females,46,"Malignant neoplasm of rectosigmoid junction, rectum, anus and anal canal",1842
2007,Females,15,Malignant neoplasm of liver and intrahepatic bile ducts,1937
2007,Females,98,Malignant neoplasm of pancreas,4246
2007,Females,12,"Malignant neoplasm of larynx,  trachea, bronchus and lung",6729
2007,Females,91,Malignant melanoma of skin,675
2007,Females,3,Malignant neoplasm of breast,11522
2007,Females,53,Malignant neoplasm of cervix uteri,714
2007,Females,65,Malignant neoplasm of other parts of uterus,2481
2007,Females,33,Malignant neoplasm of ovary,3393
2007,Females,1,Malignant neoplasm of prostate,:
2007,Females,60,"Malignant neoplasm of kidney, except renal pelvis",1021
2007,Females,71,Malignant neoplasm of bladder,1183
2007,Females,78,"Malignant neoplasms, stated or presumed to be primary, of lymphoid, haematopoietic and related tissue",5887
2007,Females,76,Diseases of the blood and blood-forming organs and certain disorders involving the immune mechanism,1163
2007,Females,67,"Endocrine, nutritional and metabolic diseases (E00-E90)",11019
2007,Females,84,Diabetes mellitus,6134
2007,Females,63,Mental and behavioural disorders (F00-F99),9692
2007,Females,49,Mental and behavioural disorders due to use of alcohol,601
2007,Females,6,"Drug dependence, toxicomania (F11-F16, F18-F19)",27
2007,Females,7,Diseases of the nervous system and the sense organs (G00-H95),17305
2007,Females,28,Meningitis,89
2007,Females,83,Diseases of the circulatory system (I00-I99),78472
2007,Females,59,Ischaemic heart diseases,16663
2007,Females,54,"Other heart diseases (I30-I33, I39-I52)",25355
2007,Females,11,Cerebrovascular diseases,18724
2007,Females,59,Diseases of the respiratory system (J00-J99),15348
2007,Females,85,Influenza,153
2007,Females,53,Pneumonia,5401
2007,Females,49,Chronic lower respiratory diseases,3539
2007,Females,89,Asthma and status asthmaticus,694
2007,Females,29,Diseases of the digestive system (K00-K93),10833
2007,Females,23,"Ulcer of stomach, duodenum and jejunum",413
2007,Females,44,Chronic liver disease,2321
2007,Females,27,Diseases of the skin and subcutaneous tissue (L00-L99),1200
2007,Females,62,Diseases of the musculoskeletal system and connective tissue (M00-M99),2317
2007,Females,61,"Rheumatoid arthritis and arthrosis (M05-M06,M15-M19)",494
2007,Females,23,Diseases of the genitourinary system  (N00-N99),4528
2007,Females,52,Diseases of kidney and ureter,3551
2007,Females,91,"Pregnancy, childbirth and the puerperium (O00-O99)",70
2007,Females,71,Certain conditions originating in the perinatal period (P00-P96),642
2007,Females,82,"Congenital malformations, deformations and chromosomal abnormalities (Q00-Q99)",711
2007,Females,58,Congenital malformations of the nervous system,52
2007,Females,26,Congenital malformations of the circulatory system,254
2007,Females,63,"Symptoms, signs and abnormal clinical and laboratory findings, not elsewhere classified (R00-R99)",19640
2007,Females,16,Sudden infant death syndrome,85
2007,Females,68,Ill-defined and unknown causes of mortality,5703
2007,Females,58,External causes of morbidity and mortality (V01-Y89),14817
2007,Females,95,Accidents,10951
2007,Females,68,Transport accidents (V01-V99),1162
2007,Females,87,Falls,2832
2007,Females,77,Accidental poisoning by and exposure to noxious substances,517
2007,Females,72,Intentional self-harm,2744
2007,Females,61,Assault,166
2007,Females,62,Event of undetermined intent,82
2008,Males,30,All causes of death (A00-Y89) excluding S00-T98,277598
2008,Males,30,Certain infectious and parasitic diseases (A00-B99),5434
2008,Males,32,Tuberculosis,343
2008,Males,74,Meningococcal infection,18
2008,Males,85,Viral hepatitis,462
2008,Males,31,Human immunodeficiency virus [HIV] disease,518
2008,Males,93,Neoplasms,93872
2008,Males,83,Malignant neoplasms (C00-C97),90481
2008,Males,71,"Malignant neoplasm of lip, oral cavity, pharynx",3217
2008,Males,42,Malignant neoplasm of oesophagus,3175
2008,Males,30,Malignant neoplasm of stomach,3020
2008,Males,60,Malignant neoplasm of colon,6505
2008,Males,12,"Malignant neoplasm of rectosigmoid junction, rectum, anus and anal canal",2533
2008,Males,65,Malignant neoplasm of liver and intrahepatic bile ducts,5544
2008,Males,51,Malignant neoplasm of pancreas,4767
2008,Males,17,"Malignant neoplasm of larynx,  trachea, bronchus and lung",23491
2008,Males,85,Malignant melanoma of skin,916
2008,Males,48,Malignant neoplasm of breast,195
2008,Males,89,Malignant neoplasm of cervix uteri,:
2008,Males,83,Malignant neoplasm of other parts of uterus,:
2008,Males,20,Malignant neoplasm of ovary,:
2008,Males,86,Malignant neoplasm of prostate,9195
2008,Males,73,"Malignant neoplasm of kidney, except renal pelvis",2059
2008,Males,22,Malignant neoplasm of bladder,3527
2008,Males,21,"Malignant neoplasms, stated or presumed to be primary, of lymphoid, haematopoietic and related tissue",7043
2008,Males,34,Diseases of the blood and blood-forming organs and certain disorders involving the immune mechanism,1004
2008,Males,90,"Endocrine, nutritional and metabolic diseases (E00-E90)",8892
2008,Males,98,Diabetes mellitus,5615
2008,Males,28,Mental and behavioural disorders (F00-F99),7718
2008,Males,58,Mental and behavioural disorders due to use of alcohol,2510
2008,Males,44,"Drug dependence, toxicomania (F11-F16, F18-F19)",171
2008,Males,49,Diseases of the nervous system and the sense organs (G00-H95),12373
2008,Males,92,Meningitis,79
2008,Males,88,Diseases of the circulatory system (I00-I99),69721
2008,Males,74,Ischaemic heart diseases,21842
2008,Males,63,"Other heart diseases (I30-I33, I39-I52)",19698
2008,Males,76,Cerebrovascular diseases,13951
2008,Males,21,Diseases of the respiratory system (J00-J99),17516
2008,Males,67,Influenza,82
2008,Males,8,Pneumonia,5107
2008,Males,68,Chronic lower respiratory diseases,5808
2008,Males,61,Asthma and status asthmaticus,336
2008,Males,43,Diseases of the digestive system (K00-K93),12981
2008,Males,68,"Ulcer of stomach, duodenum and jejunum",440
2008,Males,12,Chronic liver disease,5440
2008,Males,27,Diseases of the skin and subcutaneous tissue (L00-L99),532
2008,Males,91,Diseases of the musculoskeletal system and connective tissue (M00-M99),1344
2008,Males,86,"Rheumatoid arthritis and arthrosis (M05-M06,M15-M19)",136
2008,Males,81,Diseases of the genitourinary system  (N00-N99),4540
2008,Males,17,Diseases of kidney and ureter,3559
2008,Males,99,"Pregnancy, childbirth and the puerperium (O00-O99)",:
2008,Males,15,Certain conditions originating in the perinatal period (P00-P96),876
2008,Males,15,"Congenital malformations, deformations and chromosomal abnormalities (Q00-Q99)",762
2008,Males,57,Congenital malformations of the nervous system,68
2008,Males,88,Congenital malformations of the circulatory system,279
2008,Males,32,"Symptoms, signs and abnormal clinical and laboratory findings, not elsewhere classified (R00-R99)",16895
2008,Males,64,Sudden infant death syndrome,152
2008,Males,56,Ill-defined and unknown causes of mortality,7323
2008,Males,50,External causes of morbidity and mortality (V01-Y89),23138
2008,Males,98,Accidents,13815
2008,Males,18,Transport accidents (V01-V99),3506
2008,Males,93,Falls,2836
2008,Males,77,Accidental poisoning by and exposure to noxious substances,785
2008,Males,64,Intentional self-harm,7797
2008,Males,90,Assault,347
2008,Males,1,Event of undetermined intent,300
2008,Females,51,All causes of death (A00-Y89) excluding S00-T98,265541
2008,Females,26,Certain infectious and parasitic diseases (A00-B99),5486
2008,Females,89,Tuberculosis,310
2008,Females,82,Meningococcal infection,17
2008,Females,44,Viral hepatitis,359
2008,Females,61,Human immunodeficiency virus [HIV] disease,180
2008,Females,3,Neoplasms,66897
2008,Females,88,Malignant neoplasms (C00-C97),63494
2008,Females,90,"Malignant neoplasm of lip, oral cavity, pharynx",762
2008,Females,86,Malignant neoplasm of oesophagus,776
2008,Females,88,Malignant neoplasm of stomach,1821
2008,Females,14,Malignant neoplasm of colon,6156
2008,Females,81,"Malignant neoplasm of rectosigmoid junction, rectum, anus and anal canal",1959
2008,Females,41,Malignant neoplasm of liver and intrahepatic bile ducts,2119
2008,Females,53,Malignant neoplasm of pancreas,4404
2008,Females,9,"Malignant neoplasm of larynx,  trachea, bronchus and lung",7043
2008,Females,16,Malignant melanoma of skin,750
2008,Females,49,Malignant neoplasm of breast,11781
2008,Females,12,Malignant neoplasm of cervix uteri,776
2008,Females,95,Malignant neoplasm of other parts of uterus,2434
2008,Females,79,Malignant neoplasm of ovary,3458
2008,Females,58,Malignant neoplasm of prostate,:
2008,Females,69,"Malignant neoplasm of kidney, except renal pelvis",1049
2008,Females,82,Malignant neoplasm of bladder,1177
2008,Females,74,"Malignant neoplasms, stated or presumed to be primary, of lymphoid, haematopoietic and related tissue",6099
2008,Females,54,Diseases of the blood and blood-forming organs and certain disorders involving the immune mechanism,1252
2008,Females,89,"Endocrine, nutritional and metabolic diseases (E00-E90)",11286
2008,Females,1,Diabetes mellitus,6098
2008,Females,13,Mental and behavioural disorders (F00-F99),9962
2008,Females,41,Mental and behavioural disorders due to use of alcohol,629
2008,Females,33,"Drug dependence, toxicomania (F11-F16, F18-F19)",31
2008,Females,63,Diseases of the nervous system and the sense organs (G00-H95),18698
2008,Females,100,Meningitis,75
2008,Females,35,Diseases of the circulatory system (I00-I99),79820
2008,Females,83,Ischaemic heart diseases,16464
2008,Females,18,"Other heart diseases (I30-I33, I39-I52)",26136
2008,Females,26,Cerebrovascular diseases,19211
2008,Females,77,Diseases of the respiratory system (J00-J99),15743
2008,Females,54,Influenza,124
2008,Females,15,Pneumonia,5701
2008,Females,78,Chronic lower respiratory diseases,3483
2008,Females,73,Asthma and status asthmaticus,613
2008,Females,29,Diseases of the digestive system (K00-K93),11049
2008,Females,32,"Ulcer of stomach, duodenum and jejunum",448
2008,Females,89,Chronic liver disease,2234
2008,Females,5,Diseases of the skin and subcutaneous tissue (L00-L99),1124
2008,Females,33,Diseases of the musculoskeletal system and connective tissue (M00-M99),2399
2008,Females,93,"Rheumatoid arthritis and arthrosis (M05-M06,M15-M19)",505
2008,Females,83,Diseases of the genitourinary system  (N00-N99),4676
2008,Females,76,Diseases of kidney and ureter,3606
2008,Females,1,"Pregnancy, childbirth and the puerperium (O00-O99)",64
2008,Females,13,Certain conditions originating in the perinatal period (P00-P96),695
2008,Females,5,"Congenital malformations, deformations and chromosomal abnormalities (Q00-Q99)",740
2008,Females,75,Congenital malformations of the nervous system,59
2008,Females,82,Congenital malformations of the circulatory system,261
2008,Females,36,"Symptoms, signs and abnormal clinical and laboratory findings, not elsewhere classified (R00-R99)",20789
2008,Females,39,Sudden infant death syndrome,109
2008,Females,33,Ill-defined and unknown causes of mortality,6305
2008,Females,87,External causes of morbidity and mortality (V01-Y89),14861
2008,Females,97,Accidents,11051
2008,Females,72,Transport accidents (V01-V99),1045
2008,Females,82,Falls,2815
2008,Females,43,Accidental poisoning by and exposure to noxious substances,630
2008,Females,37,Intentional self-harm,2768
2008,Females,75,Assault,166
2008,Females,97,Event of undetermined intent,68